{
  "params": {
    "N": 32,
    "Re": 400,
    "dt": 0.005,
    "t_max": 10.0
  },
  "h+=55%_full": {
    "r_range": [
      0.6802424365530821,
      0.8181818181818181
    ],
    "s_range": [
      0.6259251893004153,
      0.6797930256867727
    ]
  },
  "h+=55%_bt": {
    "r_range": [
      0.7432598984492748,
      0.8181818181818181
    ],
    "s_range": [
      0.6007190866994334,
      0.6594298049420046
    ]
  },
  "h+=65%_full": {
    "r_range": [
      0.5375710182049293,
      0.581480127297299
    ],
    "s_range": [
      0.6274667317172509,
      0.682442030676991
    ]
  },
  "h+=65%_bt": {
    "r_range": [
      0.5365497246974621,
      0.6132287272927766
    ],
    "s_range": [
      0.6011462091960084,
      0.6610011443102559
    ]
  },
  "h+=75%_full": {
    "r_range": [
      0.3333333333333334,
      0.4674547212514874
    ],
    "s_range": [
      0.6309760965409803,
      0.6783267937571558
    ]
  },
  "h+=75%_bt": {
    "r_range": [
      0.33306293063592574,
      0.49633886238115565
    ],
    "s_range": [
      0.5917033037900775,
      0.6685011462091777
    ]
  },
  "h+=85%_full": {
    "r_range": [
      0.17647058823529418,
      0.42670278228597047
    ],
    "s_range": [
      0.6324541389146031,
      0.6854157272819271
    ]
  },
  "h+=85%_bt": {
    "r_range": [
      0.17647058823529418,
      0.38942771410548666
    ],
    "s_range": [
      0.5931748614174275,
      0.6854157272819271
    ]
  },
  "h+=95%_full": {
    "r_range": [
      0.052631578947368474,
      0.31605430936037787
    ],
    "s_range": [
      0.6422831200635193,
      0.7217636103710138
    ]
  },
  "h+=95%_bt": {
    "r_range": [
      0.052631578947368474,
      0.29302442640611853
    ],
    "s_range": [
      0.5893707625492293,
      0.7217636103710138
    ]
  }
}