{
  "params": {
    "N": 32,
    "Re": 400,
    "dt": 0.005,
    "t_max": 10.0
  },
  "timeseries_summary": {
    "Taylor-Green_full": {
      "cross_sol_avg": 0.5811127312974885,
      "same_sol_avg": 0.4188872687025115,
      "cross_full_avg": 0.8048360740232887,
      "same_full_avg": 0.19516392597671142
    },
    "Taylor-Green_bt": {
      "cross_sol_avg": 1.0,
      "same_sol_avg": 1.2966254241674184e-30,
      "cross_full_avg": 1.0,
      "same_full_avg": 3.2613078661887884e-31
    },
    "Imbalanced 80/20_full": {
      "cross_sol_avg": 0.4750028443026004,
      "same_sol_avg": 0.5249971556973996,
      "cross_full_avg": 0.5691227447318531,
      "same_full_avg": 0.43087725526814685
    },
    "Imbalanced 80/20_bt": {
      "cross_sol_avg": 0.6306533929615771,
      "same_sol_avg": 0.369346607038423,
      "cross_full_avg": 0.665978867023978,
      "same_full_avg": 0.33402113297602204
    },
    "Random_full": {
      "cross_sol_avg": 0.5246192178757305,
      "same_sol_avg": 0.47538078212426954,
      "cross_full_avg": 0.620486190773425,
      "same_full_avg": 0.379513809226575
    },
    "Random_bt": {
      "cross_sol_avg": 0.6972412865259252,
      "same_sol_avg": 0.3027587134740749,
      "cross_full_avg": 0.7326028158351505,
      "same_full_avg": 0.2673971841648494
    }
  }
}