{
  "params": {
    "N": 32,
    "Re": 400,
    "dt": 0.005,
    "t_max": 10.0
  },
  "summary": {
    "Taylor-Green_full": {
      "F_solenoidal": {
        "monotone_decreasing": false,
        "violations": 62,
        "max_increase": 0.011297112382123137,
        "trend_slope": 0.022030418726534,
        "initial": 0.08695652173913042,
        "final": 0.2753534866176309
      },
      "beltrami_distance": {
        "monotone_decreasing": false,
        "violations": 43,
        "trend_slope": -0.0020204396043712234,
        "initial": 0.978945010372561,
        "final": 0.7347444579133028
      },
      "norm_sol": {
        "monotone_decreasing": false,
        "violations": 50,
        "trend_slope": 0.0149717363303235
      }
    },
    "Taylor-Green_bt": {
      "F_solenoidal": {
        "monotone_decreasing": false,
        "violations": 38,
        "max_increase": 4.163336342344337e-17,
        "trend_slope": 4.4238439867503335e-18,
        "initial": 0.08695652173913042,
        "final": 0.08695652173913042
      },
      "beltrami_distance": {
        "monotone_decreasing": false,
        "violations": 32,
        "trend_slope": 1.0793717784123835e-17,
        "initial": 0.978945010372561,
        "final": 0.9789450103725608
      },
      "norm_sol": {
        "monotone_decreasing": true,
        "violations": 0,
        "trend_slope": -0.001741803347235145
      }
    },
    "Imbalanced 80/20_full": {
      "F_solenoidal": {
        "monotone_decreasing": false,
        "violations": 60,
        "max_increase": 0.003922268885445002,
        "trend_slope": 0.007414400992126694,
        "initial": 0.4561706961350842,
        "final": 0.47684634511347157
      },
      "beltrami_distance": {
        "monotone_decreasing": false,
        "violations": 72,
        "trend_slope": 0.007603582305417933,
        "initial": 0.763630607941252,
        "final": 0.8054685127551627
      },
      "norm_sol": {
        "monotone_decreasing": false,
        "violations": 23,
        "trend_slope": -0.09330261987307059
      }
    },
    "Imbalanced 80/20_bt": {
      "F_solenoidal": {
        "monotone_decreasing": false,
        "violations": 20,
        "max_increase": 0.0007012729515187277,
        "trend_slope": -0.008432124429606301,
        "initial": 0.4561706961350842,
        "final": 0.3571142623067983
      },
      "beltrami_distance": {
        "monotone_decreasing": false,
        "violations": 52,
        "trend_slope": 0.0030319862268807637,
        "initial": 0.763630607941252,
        "final": 0.7636216777810745
      },
      "norm_sol": {
        "monotone_decreasing": true,
        "violations": 0,
        "trend_slope": -0.0606820427368277
      }
    },
    "Random_full": {
      "F_solenoidal": {
        "monotone_decreasing": false,
        "violations": 60,
        "max_increase": 0.003804128994317091,
        "trend_slope": 0.007168483951228674,
        "initial": 0.43825055777441524,
        "final": 0.454978994861265
      },
      "beltrami_distance": {
        "monotone_decreasing": false,
        "violations": 48,
        "trend_slope": 0.002504878056529475,
        "initial": 0.8101672727210043,
        "final": 0.8012773847963744
      },
      "norm_sol": {
        "monotone_decreasing": false,
        "violations": 24,
        "trend_slope": -0.12025954129078081
      }
    },
    "Random_bt": {
      "F_solenoidal": {
        "monotone_decreasing": false,
        "violations": 14,
        "max_increase": 0.0012127404873479297,
        "trend_slope": -0.005110101994372845,
        "initial": 0.43825055777441524,
        "final": 0.37202020385707296
      },
      "beltrami_distance": {
        "monotone_decreasing": false,
        "violations": 41,
        "trend_slope": -0.0015023154254822483,
        "initial": 0.8101672727210043,
        "final": 0.784557860423064
      },
      "norm_sol": {
        "monotone_decreasing": true,
        "violations": 0,
        "trend_slope": -0.0692927687912776
      }
    }
  }
}