{
  "Imbalanced (80/20)": {
    "percentiles": {
      "global": {
        "bt_sd_mean": 0.6139363533631623,
        "full_sd_mean": 1.0080226564151664,
        "bt_margin_mean": 1.5201290714087836,
        "bt_sd_max": 0.8793001240514835
      },
      "90": {
        "bt_sd_mean": 3.180499873225428,
        "full_sd_mean": 3.6771233675261343,
        "bt_margin_mean": -5.178643337895214,
        "bt_sd_max": 4.45847123965721
      },
      "95": {
        "bt_sd_mean": 4.433073959258027,
        "full_sd_mean": 4.475352573969089,
        "bt_margin_mean": -8.858270152484145,
        "bt_sd_max": 6.20363599353693
      },
      "99": {
        "bt_sd_mean": 8.161674372182917,
        "full_sd_mean": 6.285963474894,
        "bt_margin_mean": -20.463885851600978,
        "bt_sd_max": 11.847845668305657
      }
    },
    "beltramization": {
      "cos_extreme_mean": 0.5901943542597662,
      "cos_mild_mean": 0.5351703043312183,
      "extreme_over_mild": 1.1028159624762988
    }
  },
  "Imbalanced (95/5)": {
    "percentiles": {
      "global": {
        "bt_sd_mean": 0.6872270943411365,
        "full_sd_mean": 1.005117562675832,
        "bt_margin_mean": 1.2379316812763843,
        "bt_sd_max": 0.9533481381039054
      },
      "90": {
        "bt_sd_mean": 3.158832307096037,
        "full_sd_mean": 3.3976039634843325,
        "bt_margin_mean": -6.0270101252285,
        "bt_sd_max": 4.563685616107531
      },
      "95": {
        "bt_sd_mean": 4.299583980878599,
        "full_sd_mean": 4.108424475055464,
        "bt_margin_mean": -10.190157547029653,
        "bt_sd_max": 6.458728419588571
      },
      "99": {
        "bt_sd_mean": 7.653252862736004,
        "full_sd_mean": 5.670205679891573,
        "bt_margin_mean": -23.661314583988148,
        "bt_sd_max": 12.104500142893956
      }
    },
    "beltramization": {
      "cos_extreme_mean": 0.7054029726395423,
      "cos_mild_mean": 0.5876420402724694,
      "extreme_over_mild": 1.2003956903976294
    }
  },
  "Random (seed=42)": {
    "percentiles": {
      "global": {
        "bt_sd_mean": 0.5709904018665548,
        "full_sd_mean": 0.9694379049221225,
        "bt_margin_mean": 1.7430291659877566,
        "bt_sd_max": 0.8568534542224855
      },
      "90": {
        "bt_sd_mean": 3.0300542799379704,
        "full_sd_mean": 3.6270936710443813,
        "bt_margin_mean": -4.617472641564911,
        "bt_sd_max": 4.426536482253475
      },
      "95": {
        "bt_sd_mean": 4.226516520538535,
        "full_sd_mean": 4.4629254783678105,
        "bt_margin_mean": -7.69588202807787,
        "bt_sd_max": 6.20683249070181
      },
      "99": {
        "bt_sd_mean": 7.781456236647081,
        "full_sd_mean": 6.348224595795118,
        "bt_margin_mean": -17.7006502930657,
        "bt_sd_max": 12.057599591925555
      }
    },
    "beltramization": {
      "cos_extreme_mean": 0.5161319710011948,
      "cos_mild_mean": 0.5096617326945172,
      "extreme_over_mild": 1.0126951620881368
    }
  }
}